Word,Count,perMillion,usage,spread,StatusRef
the,10911,75495.0,2.0,83464.49081721403,1
of,5044,34900.0,3.0,126281.17541031072,1
and,4195,29026.0,2.0,85569.17809187341,1
to,3681,25469.0,1.0,42005.956353479334,1
a,3184,22030.0,1.0,42205.36941340915,1
that,3171,21941.0,2.0,83655.60008657526,1
in,3029,20958.0,2.0,84212.51780819503,1
he,2730,18889.0,3.0,127402.03925664001,1
was,2367,16378.0,3.0,121070.5143564241,1
had,2175,15049.0,9.0,374465.9078663947,1
her,2046,14157.0,5.0,196831.69340164735,1
with,2016,13949.0,3.0,124358.4276334772,1
she,1984,13728.0,4.0,151849.06896377358,1
his,1937,13402.0,7.0,294437.20412398176,1
on,1158,8012.0,1.0,41831.77743401306,1
him,1127,7798.0,2.0,81843.53127416858,1
not,1090,7542.0,1.0,40972.33126036951,1
it,1077,7452.0,0.0,0.0,1
for,1043,7217.0,1.0,41505.06027156914,1
they,963,6663.0,2.0,89370.72974950336,1
as,875,6054.0,3.0,128381.98095039789,1
by,795,5501.0,4.0,168916.70823473882,1
would,792,5480.0,3.0,124364.50421494496,1
at,777,5376.0,2.0,79783.46060244118,1
aureliano,777,5376.0,0.0,0.0,2
but,745,5155.0,1.0,41115.28466943859,1
who,674,4663.0,2.0,82228.09214145922,1
when,670,4636.0,2.0,78910.12760837663,1
were,664,4594.0,3.0,125786.30338335253,1
one,609,4214.0,1.0,40940.2361915677,1
from,596,4124.0,2.0,84779.6579334982,1
so,564,3902.0,1.0,41877.27503847863,1
time,546,3778.0,2.0,82307.45408567805,1
an,503,3480.0,2.0,83448.99682726998,1
them,477,3300.0,2.0,89440.0270802555,1
did,471,3259.0,1.0,41743.86539203858,1
arcadio,466,3224.0,0.0,0.0,2
úrsula,459,3176.0,0.0,0.0,2
josé,437,3024.0,0.0,0.0,2
up,435,3010.0,1.0,42622.18915661516,1
which,422,2920.0,5.0,223172.2686724469,1
house,418,2892.0,5.0,202262.0339264782,1
been,414,2865.0,2.0,81710.36030367968,1
out,399,2761.0,1.0,39601.12018362167,1
buendía,392,2712.0,0.0,0.0,2
their,386,2671.0,3.0,132631.9302805998,1
only,372,2574.0,2.0,79839.65934181477,1
be,368,2546.0,0.0,0.0,1
because,356,2463.0,2.0,81287.13025818406,1
all,348,2408.0,1.0,40198.258403124964,1
into,342,2366.0,3.0,129170.4077680119,1
could,330,2283.0,2.0,85746.659505724,1
about,322,2228.0,1.0,39937.79108202607,1
no,318,2200.0,0.0,0.0,1
have,317,2193.0,0.0,0.0,1
colonel,307,2124.0,57.0,1473449.4394724204,1
more,301,2083.0,2.0,84004.67485762046,1
said,298,2062.0,2.0,74246.35893669783,1
amaranta,287,1986.0,0.0,0.0,2
segundo,283,1958.0,0.0,0.0,2
then,265,1834.0,1.0,41004.304450646094,1
where,264,1827.0,1.0,45952.204773969606,1
even,263,1820.0,2.0,76906.22240643413,1
like,252,1744.0,0.0,0.0,1
without,249,1723.0,4.0,166529.52957040464,1
there,235,1626.0,0.0,0.0,1
put,235,1626.0,2.0,84940.28048226783,1
went,228,1578.0,4.0,172739.3212218518,1
first,226,1564.0,2.0,83654.33521824513,1
if,224,1550.0,0.0,0.0,1
made,209,1446.0,3.0,124177.96062698445,1
room,208,1439.0,4.0,176022.77849714845,1
over,207,1432.0,1.0,41031.39426121569,1
any,204,1412.0,1.0,39848.5738196035,1
until,204,1412.0,5.0,219453.7976900895,1
you,203,1405.0,0.0,0.0,1
after,202,1398.0,2.0,82586.0559953146,1
took,201,1391.0,4.0,160154.55865754816,1
before,194,1342.0,2.0,80990.10565638603,1
than,192,1328.0,2.0,79634.38452682887,1
through,191,1322.0,3.0,128940.69820143362,1
what,188,1301.0,0.0,0.0,1
fernanda,187,1294.0,1407.0,26687431.402037315,1
same,186,1287.0,3.0,122118.10448821035,1
two,185,1280.0,1.0,42110.07982622142,1
other,184,1273.0,2.0,82522.0740018857,1
macondo,176,1218.0,0.0,0.0,2
man,172,1190.0,1.0,42929.93792959709,1
back,172,1190.0,1.0,43120.7091233137,1
night,171,1183.0,2.0,88601.3347457275,1
its,170,1176.0,4.0,172137.39666527338,1
years,169,1169.0,2.0,84642.08380499162,1
left,169,1169.0,2.0,82276.0562973451,1
during,166,1149.0,12.0,492687.1678410501,1
day,166,1149.0,1.0,39128.468028227675,1
much,161,1114.0,1.0,40586.78947148875,1
found,161,1114.0,3.0,135346.80132856994,1
or,156,1079.0,1.0,38434.97594618029,1
those,156,1079.0,2.0,85909.01015202988,1
old,152,1052.0,2.0,73763.82777537452,1
saw,152,1052.0,3.0,115358.02300107834,1
way,152,1052.0,1.0,41833.54059010471,1
thought,149,1031.0,1.0,34711.129316064,1
gave,148,1024.0,4.0,158142.11933930637,1
never,148,1024.0,1.0,40942.97348796462,1
many,148,1024.0,2.0,76491.63593817226,1
himself,148,1024.0,8.0,354418.0786598566,1
little,147,1017.0,1.0,43522.840194048746,1
told,147,1017.0,1.0,39623.055525901174,1
down,146,1010.0,1.0,41356.382819418934,1
still,145,1003.0,1.0,40001.74360184131,1
war,141,976.0,5.0,117858.94566643788,1
order,140,969.0,6.0,234999.3758113492,1
i,139,962.0,0.0,0.0,1
go,139,962.0,0.0,0.0,1
later,138,955.0,3.0,113178.94335269366,1
days,137,948.0,3.0,129198.56290447,1
death,136,941.0,4.0,154635.27599206337,1
brought,135,934.0,5.0,204161.35325248266,1
off,134,927.0,1.0,42491.8474422545,1
some,130,899.0,1.0,44052.8337009891,1
felt,130,899.0,7.0,293621.56104225497,1
see,128,886.0,0.0,0.0,1
long,128,886.0,1.0,39856.61113206722,1
woman,128,886.0,2.0,84504.50381092542,1
last,126,872.0,1.0,37236.80527665375,1
came,125,865.0,2.0,79524.17756937945,1
come,125,865.0,0.0,0.0,1
three,125,865.0,2.0,81406.59500422674,1
people,122,844.0,1.0,41222.045628526226,1
again,122,844.0,1.0,43386.531593323,1
going,122,844.0,0.0,0.0,1
door,120,830.0,3.0,123040.54644468258,1
town,119,823.0,5.0,200223.94731776696,1
take,118,816.0,0.0,0.0,1
rebeca,116,803.0,0.0,0.0,2
hand,115,796.0,3.0,128648.74916397329,1
most,115,796.0,2.0,83783.11398278126,1
get,115,796.0,0.0,0.0,1
remedios,115,796.0,0.0,0.0,2
asked,114,789.0,0.0,0.0,2
while,114,789.0,2.0,84547.89867064034,1
since,112,775.0,2.0,80120.12902365255,1
children,112,775.0,3.0,139157.91723617676,1
life,112,775.0,1.0,42384.797812025485,1
love,110,761.0,1.0,43167.01091868413,1
bed,110,761.0,4.0,177712.37487571494,1
father,109,754.0,1.0,37902.8838592856,1
is,108,747.0,0.0,0.0,1
how,108,747.0,0.0,0.0,1
world,107,740.0,1.0,46878.998425882135,1
herself,107,740.0,15.0,523689.5047277281,1
months,106,733.0,6.0,255464.31308763026,1
such,106,733.0,2.0,81168.97799682498,1
melquíades,106,733.0,0.0,0.0,2
eyes,105,727.0,3.0,127019.81497956256,1
just,103,713.0,0.0,0.0,1
men,103,713.0,2.0,75374.30613346864,1
family,103,713.0,2.0,73768.11073682559,1
under,100,692.0,3.0,120849.43362700247,1
things,99,685.0,1.0,41455.08532369716,1
times,98,678.0,3.0,120942.76315348766,1
this,97,671.0,0.0,0.0,1
lost,97,671.0,2.0,85618.224368258,1
tried,97,671.0,4.0,168751.37822227564,1
away,97,671.0,1.0,42872.557632843986,1
began,97,671.0,14.0,619670.1879990489,1
afternoon,96,664.0,9.0,377347.83618824644,1
seemed,95,657.0,0.0,0.0,2
own,95,657.0,1.0,43354.66168565373,1
look,91,630.0,0.0,0.0,1
let,89,616.0,0.0,0.0,1
against,88,609.0,3.0,130006.61911627982,1
meme,88,609.0,3045.0,16639312.953732632,1
make,87,602.0,0.0,0.0,1
head,87,602.0,2.0,84638.6047994611,1
moment,87,602.0,3.0,117824.09950405161,1
knew,87,602.0,2.0,82080.05175089152,1
bedroom,87,602.0,19.0,766955.7104046126,1
seen,86,595.0,2.0,77717.10902595113,1
along,86,595.0,4.0,174911.01754572362,1
place,85,588.0,1.0,42043.48974106458,1
do,84,581.0,0.0,0.0,1
morning,84,581.0,1.0,40995.243102264554,1
always,83,574.0,1.0,41603.83362164989,1
every,83,574.0,1.0,41196.79492539304,1
ever,83,574.0,1.0,39339.924721670104,1
became,83,574.0,7.0,309989.0396461954,1
being,82,567.0,1.0,42495.21431602245,1
several,80,554.0,11.0,510017.57853425684,1
looked,79,547.0,0.0,0.0,2
heart,79,547.0,2.0,79398.5482201841,1
end,79,547.0,2.0,77894.78597137793,1
kept,78,540.0,6.0,232059.19446684158,1
child,78,540.0,2.0,88862.65840974872,1
name,78,540.0,1.0,39078.45600743341,1
having,78,540.0,2.0,86368.77844117001,1
once,77,533.0,1.0,40815.77443815897,1
good,76,526.0,0.0,0.0,1
gerineldo,76,526.0,0.0,0.0,2
very,75,519.0,0.0,0.0,1
set,75,519.0,3.0,140874.0626724029,1
hours,75,519.0,3.0,124131.84225664302,1
know,74,512.0,0.0,0.0,1
street,74,512.0,4.0,145374.50969047757,1
dead,73,505.0,1.0,43648.29475130417,1
almost,73,505.0,2.0,85490.88445980624,1
nothing,72,498.0,1.0,40240.42324727361,1
whose,72,498.0,8.0,343224.99785689474,1
mother,71,491.0,1.0,41192.516993077144,1
petra,71,491.0,263.0,5644348.4666720275,1
small,70,484.0,3.0,141116.57178949565,1
few,70,484.0,2.0,84290.23724928274,1
beauty,70,484.0,8.0,181842.44056355077,1
give,69,477.0,0.0,0.0,1
your,68,471.0,0.0,0.0,1
dont,68,471.0,0.0,0.0,2
new,68,471.0,1.0,39553.29520864147,1
heard,68,471.0,1.0,39739.29079453359,1
age,67,464.0,4.0,155742.5104468457,1
say,67,464.0,0.0,0.0,1
tell,67,464.0,0.0,0.0,1
gold,67,464.0,7.0,291111.7652400333,1
pietro,67,464.0,278.0,5955482.852050539,1
márquez,67,464.0,0.0,0.0,2
around,66,457.0,1.0,41198.60599713853,1
arrived,66,457.0,7.0,274772.95909152913,1
finally,66,457.0,4.0,167096.39961807118,1
already,65,450.0,1.0,39893.577794672856,1
another,65,450.0,1.0,37440.54748157018,1
got,65,450.0,0.0,0.0,1
open,65,450.0,1.0,44095.47668550182,1
will,64,443.0,0.0,0.0,1
thinking,64,443.0,2.0,82378.15106129044,1
although,64,443.0,9.0,433540.0050911613,1
crespi,64,443.0,0.0,0.0,2
light,63,436.0,2.0,80139.92793669022,1
well,63,436.0,0.0,0.0,1
four,63,436.0,2.0,82483.32944258772,1
husband,63,436.0,2.0,97193.64842305244,1
dawn,63,436.0,17.0,673166.5666178912,1
me,62,429.0,0.0,0.0,1
de,62,429.0,7.0,195598.6782983336,1
courtyard,62,429.0,114.0,4900831.865398542,1
pilar,62,429.0,146.0,6358576.869928429,1
we,61,422.0,0.0,0.0,1
also,60,415.0,1.0,40198.09266217535,1
whole,60,415.0,1.0,42896.390495446736,1
face,60,415.0,1.0,40335.00745297261,1
taken,60,415.0,3.0,111776.95303073323,1
turned,60,415.0,4.0,176415.6434437948,1
return,60,415.0,3.0,132259.1723479455,1
table,60,415.0,5.0,195272.05564663335,1
rain,60,415.0,7.0,233533.43977219542,1
son,60,415.0,1.0,39152.129392181094,1
something,59,408.0,0.0,0.0,1
thing,59,408.0,0.0,0.0,1
la,59,408.0,5.0,140973.3749664459,1
god,58,401.0,0.0,0.0,1
santa,58,401.0,11.0,303423.34070254874,1
air,57,394.0,3.0,123214.87471507143,1
news,57,394.0,2.0,75395.98503242746,1
sofía,57,394.0,0.0,0.0,2
piedad,57,394.0,0.0,0.0,2
work,56,387.0,0.0,0.0,1
find,56,387.0,0.0,0.0,1
body,56,387.0,2.0,91985.75437621327,1
girl,56,387.0,1.0,39310.291419892616,1
sleep,55,381.0,1.0,41545.626465442314,1
think,55,381.0,0.0,0.0,1
whom,55,381.0,7.0,264517.21461724816,1
company,54,374.0,3.0,91744.8925135729,1
now,54,374.0,0.0,0.0,1
leave,54,374.0,1.0,48958.353985550755,1
hands,54,374.0,2.0,88173.1732400673,1
memory,54,374.0,7.0,310861.65818429214,1
cotes,54,374.0,2877.0,65969154.18906001,1
answered,53,367.0,0.0,0.0,2
water,53,367.0,1.0,47142.65679028638,1
passed,53,367.0,5.0,187645.96983321552,1
hair,53,367.0,2.0,86997.69129460944,1
waiting,53,367.0,2.0,80761.11859511604,1
úrsulas,53,367.0,0.0,0.0,2
six,52,360.0,2.0,84932.04129505245,1
everything,52,360.0,0.0,0.0,1
right,52,360.0,0.0,0.0,1
opened,52,360.0,9.0,384173.4979698146,1
returned,52,360.0,0.0,0.0,2
fact,51,353.0,2.0,83679.84396718103,1
looking,51,353.0,1.0,45487.096654257075,1
spent,51,353.0,5.0,212431.68744605046,1
soon,50,346.0,1.0,40684.528367728315,1
spite,50,346.0,48.0,1918659.8914302615,1
feeling,50,346.0,2.0,79394.06274294709,1
banana,50,346.0,37.0,981146.9704626782,1
great,49,339.0,0.0,0.0,1
short,49,339.0,4.0,166245.7577108166,1
home,49,339.0,0.0,0.0,1
rest,49,339.0,2.0,91095.91193023625,1
living,49,339.0,2.0,91946.37768438141,1
anyone,48,332.0,1.0,36777.439010338,1
voice,48,332.0,3.0,127504.46420743785,1
earth,48,332.0,2.0,89342.2885576681,1
black,48,332.0,2.0,73497.02589784171,1
solitude,48,332.0,87.0,3744486.396728586,1
letters,48,332.0,9.0,364552.8346764909,1
porch,48,332.0,61.0,2546421.7326286007,1
able,47,325.0,2.0,74453.66754882435,1
among,47,325.0,7.0,299992.3499969552,1
together,47,325.0,1.0,45749.91365108142,1
done,47,325.0,1.0,34963.597479236916,1
reached,47,325.0,0.0,0.0,2
sent,47,325.0,2.0,74579.77964489833,1
ternera,47,325.0,0.0,0.0,2
week,46,318.0,1.0,37332.13572854612,1
read,46,318.0,1.0,46974.73823821986,1
each,46,318.0,1.0,43009.013424656914,1
friends,46,318.0,1.0,41021.238809914066,1
better,46,318.0,0.0,0.0,1
both,46,318.0,1.0,46503.38888878471,1
kitchen,46,318.0,6.0,246903.4019092945,1
died,46,318.0,0.0,0.0,2
my,45,311.0,0.0,0.0,1
understand,45,311.0,1.0,39012.381452611175,1
anything,45,311.0,0.0,0.0,1
too,45,311.0,0.0,0.0,1
decided,45,311.0,3.0,115002.62927164277,1
wife,45,311.0,1.0,47037.422178613175,1
workshop,45,311.0,48.0,1531147.0873069107,1
skin,45,311.0,6.0,244109.18545840023,1
can,44,304.0,0.0,0.0,1
wanted,44,304.0,1.0,45662.573332022424,1
carried,44,304.0,13.0,528677.4595344246,1
women,44,304.0,1.0,35911.4320381057,1
moscote,44,304.0,0.0,0.0,2
person,43,298.0,1.0,40330.216578793115,1
really,43,298.0,0.0,0.0,1
enough,43,298.0,1.0,37101.86495237981,1
money,43,298.0,0.0,0.0,1
understood,43,298.0,5.0,236529.0108832243,1
secret,43,298.0,3.0,108896.14029805627,1
hundred,43,298.0,4.0,179066.58979816595,1
occasion,43,298.0,23.0,882788.4083955737,1
past,43,298.0,2.0,89351.69344454887,1
attention,43,298.0,3.0,123392.67473314883,1
don,43,298.0,0.0,0.0,2
happy,42,291.0,1.0,50257.513158096444,1
village,42,291.0,4.0,155008.01737247917,1
train,42,291.0,3.0,79178.24099726896,1
letter,42,291.0,3.0,137667.25555718158,1
brother,42,291.0,1.0,37493.28063783195,1
soldiers,42,291.0,8.0,283293.70215303515,1
however,41,284.0,5.0,182043.89513254896,1
between,41,284.0,1.0,38751.91645468616,1
animals,41,284.0,5.0,221010.98958804974,1
beginning,41,284.0,4.0,177821.76661337735,1
changed,41,284.0,2.0,80294.88539602616,1
gone,40,277.0,1.0,41406.05735666071,1
idea,40,277.0,1.0,47595.992865134656,1
become,40,277.0,1.0,46423.55821212285,1
walls,40,277.0,4.0,170003.4972540422,1
eat,40,277.0,1.0,44871.073983471004,1
five,40,277.0,1.0,39442.82836233366,1
die,40,277.0,1.0,35771.215176657664,1
following,40,277.0,5.0,188593.24383988755,1
use,39,270.0,1.0,43963.779675473495,1
trying,39,270.0,1.0,46814.830015302556,1
received,39,270.0,7.0,308581.7498210495,1
government,39,270.0,3.0,84179.01951355312,1
tree,39,270.0,4.0,137483.5046265335,1
shouted,39,270.0,53.0,2217767.2053502807,1
stay,39,270.0,0.0,0.0,1
reality,39,270.0,6.0,260403.58134284202,1
are,38,263.0,0.0,0.0,1
themselves,38,263.0,4.0,194018.19489708627,1
nor,38,263.0,5.0,188037.76839477653,1
dressed,38,263.0,6.0,213451.67218139267,1
convinced,38,263.0,13.0,544126.3096550156,1
born,38,263.0,2.0,86463.18184026713,1
behind,38,263.0,1.0,46360.19296470573,1
appeared,38,263.0,0.0,0.0,2
blood,38,263.0,1.0,41215.596682304364,1
someone,38,263.0,0.0,0.0,1
weeks,38,263.0,1.0,36637.6768209117,1
barely,38,263.0,10.0,394154.78757669573,1
smell,38,263.0,3.0,125267.17335175975,1
military,38,263.0,5.0,153440.84160096574,1
inside,37,256.0,1.0,45537.0561325523,1
less,37,256.0,2.0,82458.11201818535,1
except,37,256.0,3.0,126255.56053566778,1
remember,37,256.0,1.0,46697.52551580007,1
given,37,256.0,2.0,79252.0025929755,1
second,37,256.0,1.0,43097.84325059495,1
known,37,256.0,2.0,78851.98633468231,1
bad,37,256.0,0.0,0.0,1
care,37,256.0,1.0,44135.079790180345,1
continued,37,256.0,24.0,1012684.8407144034,1
general,37,256.0,3.0,63211.96010228581,1
used,37,256.0,1.0,44124.23994334722,1
keep,37,256.0,0.0,0.0,1
sitting,37,256.0,3.0,134381.64082074485,1
im,37,256.0,0.0,0.0,2
solitary,37,256.0,50.0,2088819.7332544122,1
gypsies,37,256.0,42.0,1694514.4363684007,1
window,36,249.0,3.0,127306.76526168143,1
making,36,249.0,1.0,45219.85863565444,1
remembered,36,249.0,0.0,0.0,2
certain,36,249.0,3.0,131663.54428423123,1
stopped,36,249.0,3.0,125075.77511595578,1
discovered,36,249.0,8.0,334973.892600015,1
alive,36,249.0,2.0,73892.14930209122,1
happened,36,249.0,0.0,0.0,2
part,36,249.0,1.0,43939.7900726141,1
covered,36,249.0,7.0,317487.7203292979,1
daughter,36,249.0,1.0,34475.81579807586,1
clothing,36,249.0,25.0,878827.3820926797,1
realized,36,249.0,7.0,246195.1171214161,1
fear,35,242.0,3.0,140198.7102815503,1
white,35,242.0,2.0,76980.26296066049,1
arms,35,242.0,4.0,163667.4721877135,1
raised,35,242.0,8.0,300775.0106533889,1
year,35,242.0,1.0,38079.48638273774,1
everyone,35,242.0,1.0,37523.993790080276,1
fighting,35,242.0,3.0,91531.16899330344,1
startled,35,242.0,104.0,4288174.364304903,1
sun,34,235.0,2.0,83302.28280510618,1
bring,34,235.0,1.0,38060.74599301179,1
ones,34,235.0,0.0,0.0,1
toward,34,235.0,14.0,665713.5354640216,1
longer,34,235.0,2.0,81424.64091904249,1
closed,34,235.0,4.0,171652.99536530772,1
houses,34,235.0,9.0,409516.3720120272,1
half,34,235.0,1.0,46090.24848712762,1
state,34,235.0,2.0,79691.45055809611,1
anxiety,34,235.0,33.0,1396906.180400238,1
parlor,34,235.0,57.0,2353533.9993762346,1
apolinar,34,235.0,0.0,0.0,2
taking,33,228.0,1.0,39324.00647984503,1
must,33,228.0,0.0,0.0,1
spoke,33,228.0,5.0,234376.8596530263,1
filled,33,228.0,7.0,279560.2103333466,1
remained,33,228.0,0.0,0.0,2
help,33,228.0,0.0,0.0,1
next,33,228.0,1.0,43551.07168959795,1
streets,33,228.0,2.0,89207.42736700457,1
business,33,228.0,1.0,37269.13607829845,1
cards,33,228.0,6.0,256629.94526090217,1
coffee,33,228.0,2.0,78568.04038210987,1
swamp,33,228.0,29.0,784089.7457477401,1
parchments,33,228.0,296.0,6475716.044043465,1
frightened,32,221.0,14.0,685454.8169285238,1
why,32,221.0,0.0,0.0,1
broke,32,221.0,2.0,75986.03778666268,1
knowing,32,221.0,5.0,214694.21716730203,1
glass,32,221.0,3.0,159040.8856769804,1
point,32,221.0,1.0,40429.21447932575,1
held,32,221.0,5.0,214324.26157553695,1
shut,32,221.0,1.0,32531.530384494024,1
shot,32,221.0,1.0,20526.94090070236,1
heat,32,221.0,5.0,225224.60148866024,1
dark,32,221.0,2.0,84625.50652307076,1
getting,32,221.0,1.0,40226.065375722435,1
wedding,32,221.0,2.0,65427.200905453545,1
called,31,214.0,1.0,39514.74316486122,1
succeeded,31,214.0,0.0,0.0,2
showed,31,214.0,0.0,0.0,2
lived,31,214.0,3.0,141647.55647578707,1
large,31,214.0,4.0,181410.8708320745,1
wearing,31,214.0,3.0,116553.85333282223,1
nevertheless,31,214.0,29.0,1146846.5299549235,1
youre,31,214.0,0.0,0.0,2
hour,31,214.0,1.0,38370.73691096279,1
built,31,214.0,4.0,181822.4137786441,1
school,31,214.0,1.0,37220.96918324112,1
ended,31,214.0,5.0,247112.11285187595,1
parents,31,214.0,18.0,630384.582954636,1
bones,31,214.0,7.0,319584.744073884,1
chestnut,31,214.0,135.0,4304352.61059318,1
fernandas,31,214.0,233.0,3870941.5173151772,1
should,30,208.0,0.0,0.0,1
young,30,208.0,1.0,37541.2413706656,1
windows,30,208.0,9.0,406279.2099933247,1
sad,30,208.0,2.0,92044.89666836317,1
pieces,30,208.0,2.0,78348.8252328069,1
finished,30,208.0,2.0,67292.36101617356,1
upset,30,208.0,3.0,106927.1230632147,1
kind,30,208.0,0.0,0.0,1
red,30,208.0,1.0,44591.20486776087,1
ready,30,208.0,1.0,39253.865706537705,1
ordered,30,208.0,6.0,168714.2543487514,1
sea,30,208.0,2.0,99781.93205797825,1
visit,30,208.0,3.0,101397.18432027247,1
different,30,208.0,1.0,37500.9815597056,1
public,30,208.0,3.0,122154.7822839447,1
oclock,30,208.0,0.0,0.0,2
married,30,208.0,1.0,40336.59367504583,1
needed,30,208.0,2.0,71793.3439275456,1
doors,30,208.0,1.0,38599.92117263108,1
considered,30,208.0,9.0,338833.47456667287,1
sons,30,208.0,0.0,0.0,1
here,29,201.0,0.0,0.0,1
alone,29,201.0,1.0,44635.700929143706,1
deep,29,201.0,2.0,88559.45853315009,1
flowers,29,201.0,7.0,286527.6100068868,1
saying,29,201.0,1.0,40144.232142431356,1
suddenly,29,201.0,3.0,137656.90039196957,1
bear,29,201.0,3.0,125771.09908083017,1
former,29,201.0,8.0,304753.65434987965,1
paid,29,201.0,2.0,76724.07998257401,1
managed,29,201.0,8.0,309929.92431854416,1
future,29,201.0,2.0,89665.35014068821,1
passion,29,201.0,8.0,355041.48032444797,1
cut,29,201.0,1.0,40000.121343473584,1
strength,29,201.0,5.0,214470.83698961753,1
crowd,29,201.0,4.0,150069.89070915635,1
buendías,29,201.0,0.0,0.0,2
nostalgia,29,201.0,128.0,6056584.8378040595,1
nicanor,29,201.0,0.0,0.0,2
mauricio,29,201.0,0.0,0.0,2
human,28,194.0,1.0,42895.96793823944,1
live,28,194.0,0.0,0.0,1
show,28,194.0,0.0,0.0,1
memories,28,194.0,4.0,161212.1514634393,1
invisible,28,194.0,14.0,624019.3887058139,1
pass,28,194.0,2.0,77039.99805457343,1
fingers,28,194.0,5.0,225989.37208433665,1
simply,28,194.0,3.0,121945.49543853599,1
strange,28,194.0,2.0,75754.41865719747,1
music,28,194.0,1.0,32382.46137612851,1
front,28,194.0,1.0,38828.563780878045,1
silver,28,194.0,8.0,291749.7224976215,1
clothes,28,194.0,2.0,81031.63068043342,1
fate,28,194.0,5.0,192089.98875051923,1
party,28,194.0,1.0,27162.914716152685,1
nights,28,194.0,6.0,283436.08979492733,1
shoes,28,194.0,3.0,84210.66046719636,1
natural,28,194.0,4.0,161873.6094650659,1
sign,28,194.0,2.0,67005.59793861338,1
promised,28,194.0,3.0,106753.96651507793,1
fire,28,194.0,1.0,40962.96219118181,1
captain,28,194.0,2.0,43708.240414627275,1
babilonia,28,194.0,0.0,0.0,2
clear,27,187.0,1.0,40693.49355981327,1
might,27,187.0,0.0,0.0,1
has,27,187.0,0.0,0.0,1
broken,27,187.0,2.0,86165.65841702103,1
feet,27,187.0,2.0,90684.93419240862,1
revealed,27,187.0,0.0,0.0,2
buried,27,187.0,6.0,245891.65314391244,1
wise,27,187.0,7.0,111034.2405575455,1
instant,27,187.0,17.0,757615.9214536102,1
wild,27,187.0,4.0,184474.9718643515,1
side,27,187.0,1.0,50185.75128956999,1
square,27,187.0,6.0,238008.65079904028,1
useless,27,187.0,5.0,243188.94787610788,1
search,27,187.0,3.0,140689.2677904404,1
wrapped,27,187.0,18.0,706485.9865936697,1
church,27,187.0,2.0,62281.9225373749,1
final,27,187.0,4.0,186704.5223073841,1
contact,27,187.0,3.0,112659.01954752783,1
stomach,27,187.0,5.0,211556.24793057173,1
learned,26,180.0,3.0,138976.52760719648,1
completely,26,180.0,2.0,78263.11973639848,1
others,26,180.0,0.0,0.0,1
effort,26,180.0,8.0,341203.79419775144,1
beautiful,26,180.0,1.0,38752.93518326659,1
peace,26,180.0,2.0,77594.08968562966,1
means,26,180.0,1.0,36425.20854269007,1
pleasure,26,180.0,2.0,75682.94282475665,1
chair,26,180.0,5.0,219619.98176745774,1
sense,26,180.0,2.0,94720.6646772417,1
power,26,180.0,1.0,35750.89520996427,1
twenty,26,180.0,4.0,136995.19667842373,1
corner,26,180.0,4.0,173202.036515723,1
beside,26,180.0,10.0,416295.5158442137,1
waited,26,180.0,0.0,0.0,2
abandoned,26,180.0,9.0,405245.5922145294,1
dust,26,180.0,7.0,243893.3989463966,1
dress,26,180.0,2.0,88883.80435882829,1
mr,26,180.0,1.0,16252.5700464691,1
ashes,26,180.0,0.0,0.0,2
sunday,26,180.0,4.0,162550.49058133858,1
mad,26,180.0,1.0,42062.821719679465,1
lunch,26,180.0,2.0,59344.048383175,1
liberal,26,180.0,43.0,487150.63477211585,1
workers,26,180.0,11.0,143237.06706296385,1
word,25,173.0,1.0,37385.959045787946,1
whether,25,173.0,2.0,76610.53814874295,1
forever,25,173.0,2.0,78538.72905278431,1
course,25,173.0,0.0,0.0,1
talk,25,173.0,0.0,0.0,1
want,25,173.0,0.0,0.0,1
chance,25,173.0,1.0,40289.83039606066,1
curiosity,25,173.0,25.0,1047332.0766854067,1
beyond,25,173.0,4.0,146103.33707400388,1
silent,25,173.0,6.0,292708.62232431764,1
prepared,25,173.0,4.0,177596.6217482003,1
according,25,173.0,3.0,123142.80048784823,1
grew,25,173.0,5.0,186020.76279723903,1
free,25,173.0,1.0,40355.37332148802,1
garden,25,173.0,5.0,238348.73706486606,1
dying,25,173.0,2.0,84205.42926620983,1
spend,25,173.0,2.0,95168.49957992052,1
yellow,25,173.0,6.0,200144.34777020308,1
floor,25,173.0,2.0,93242.11294702982,1
group,25,173.0,2.0,92289.94565859635,1
fish,25,173.0,2.0,85930.92808707856,1
officers,25,173.0,2.0,29053.447623761742,1
blue,25,173.0,2.0,84897.06618629409,1
confused,25,173.0,6.0,251034.86208102654,1
store,25,173.0,2.0,72073.83557038342,1
hammock,25,173.0,149.0,5532094.615068737,1
aurelianos,25,173.0,0.0,0.0,2
gaston,25,173.0,135.0,385448.3248196183,1
explained,24,166.0,0.0,0.0,2
thousand,24,166.0,2.0,87972.89177523438,1
doing,24,166.0,0.0,0.0,1
sure,24,166.0,0.0,0.0,1
piece,24,166.0,1.0,41691.219532584204,1
full,24,166.0,1.0,42031.00413816352,1
sit,24,166.0,1.0,43218.38214532166,1
fell,24,166.0,2.0,82160.96646160996,1
thats,24,166.0,0.0,0.0,1
sat,24,166.0,5.0,186252.22624569203,1
across,24,166.0,2.0,99695.46350675182,1
forgotten,24,166.0,4.0,177614.13878103156,1
case,24,166.0,1.0,32361.646412828148,1
aware,24,166.0,5.0,233759.89667406736,1
furniture,24,166.0,13.0,599677.6543918742,1
boots,24,166.0,9.0,300620.7598406208,1
impression,24,166.0,11.0,368427.8750952327,1
officer,24,166.0,2.0,73860.46997342796,1
written,24,166.0,3.0,157604.00744222157,1
weight,24,166.0,4.0,163123.23503057612,1
line,24,166.0,1.0,34115.16103844957,1
date,24,166.0,2.0,78866.8017817089,1
queen,24,166.0,3.0,69916.33337429413,1
gypsy,24,166.0,27.0,730268.2944805025,1
prudencio,24,166.0,0.0,0.0,2
bathroom,24,166.0,3.0,126891.03080538537,1
recognized,24,166.0,15.0,631164.7753127959,1
decision,23,159.0,3.0,145957.71943191905,1
laughter,23,159.0,4.0,185124.05865987155,1
ask,23,159.0,0.0,0.0,1
darkness,23,159.0,6.0,268131.2604639308,1
rage,23,159.0,15.0,619731.5955624974,1
coming,23,159.0,0.0,0.0,1
character,23,159.0,4.0,141542.53263487853,1
giving,23,159.0,2.0,102719.92592801129,1
rose,23,159.0,4.0,167500.08625329618,1
girls,23,159.0,0.0,0.0,1
mass,23,159.0,6.0,186377.64495058966,1
unable,23,159.0,11.0,511897.58047989826,1
brown,23,159.0,5.0,89869.08288558225,1
wooden,23,159.0,20.0,727156.0178468643,1
daughters,23,159.0,1.0,33572.407564543864,1
leaving,23,159.0,1.0,37821.10108362613,1
theyre,23,159.0,0.0,0.0,2
country,23,159.0,1.0,30757.25959603208,1
saturday,23,159.0,4.0,136509.74464711503,1
midst,23,159.0,48.0,1649474.6928471527,1
fishes,23,159.0,47.0,1274761.890914189,1
squad,23,159.0,10.0,147972.32873862603,1
moncada,23,159.0,0.0,0.0,2
within,22,152.0,2.0,87561.38185553158,1
animal,22,152.0,3.0,130090.93242962436,1
close,22,152.0,1.0,47902.744603223364,1
middle,22,152.0,2.0,84672.4120599617,1
stood,22,152.0,6.0,214999.51511168515,1
best,22,152.0,0.0,0.0,1
answer,22,152.0,1.0,45708.84333128528,1
matter,22,152.0,0.0,0.0,1
threw,22,152.0,4.0,205321.03046481672,1
words,22,152.0,1.0,41372.40469044711,1
reason,22,152.0,1.0,39965.117198859996,1
single,22,152.0,2.0,75520.36420234884,1
putting,22,152.0,3.0,133273.99499076593,1
wait,22,152.0,0.0,0.0,1
actually,22,152.0,0.0,0.0,1
write,22,152.0,1.0,44823.905961713135,1
command,22,152.0,5.0,162717.823470405,1
books,22,152.0,1.0,38942.107870896914,1
ground,22,152.0,2.0,87441.6280675756,1
dream,22,152.0,1.0,46238.17279368532,1
weeping,22,152.0,40.0,1974022.2108067686,1
hot,22,152.0,1.0,42976.07166643768,1
shame,22,152.0,3.0,110199.5239583314,1
chest,22,152.0,5.0,190586.64324880816,1
ill,22,152.0,4.0,137035.80394697562,1
announced,22,152.0,20.0,598107.8166078804,1
teeth,22,152.0,3.0,155024.978354914,1
fever,22,152.0,9.0,349941.48178634763,1
sewing,22,152.0,36.0,973162.0903970058,1
dusk,22,152.0,54.0,1749566.8042467711,1
ice,22,152.0,2.0,84360.20689910976,1
funeral,22,152.0,4.0,121106.14989020763,1
amarantas,22,152.0,0.0,0.0,2
insomnia,22,152.0,68.0,3137335.2839611187,1
siesta,22,152.0,258.0,9751867.238051513,1
speak,21,145.0,1.0,39435.55868961292,1
silence,21,145.0,4.0,168695.88848530845,1
names,21,145.0,3.0,119469.98792679512,1
seeing,21,145.0,1.0,33786.65960405083,1
believe,21,145.0,0.0,0.0,1
butterflies,21,145.0,33.0,809166.4818509318,1
hope,21,145.0,1.0,39060.961960943634,1
simple,21,145.0,2.0,65155.29128138332,1
green,21,145.0,2.0,80603.70218438214,1
birds,21,145.0,3.0,160190.14138338406,1
eight,21,145.0,2.0,74483.82844247212,1
least,21,145.0,1.0,39115.95357986182,1
opposite,21,145.0,7.0,275259.92578942544,1
smile,21,145.0,2.0,80331.07738496087,1
confusion,21,145.0,16.0,639225.6063223167,1
noticed,21,145.0,3.0,91554.76002324666,1
begun,21,145.0,10.0,394619.3038022005,1
burning,21,145.0,5.0,219436.7581952985,1
tormented,21,145.0,79.0,3145598.8417431684,1
station,21,145.0,2.0,28722.508531844927,1
trunk,21,145.0,9.0,340859.82996682706,1
woke,21,145.0,5.0,217231.46954672236,1
marry,21,145.0,1.0,22781.075763616147,1
birth,21,145.0,3.0,121691.40664202336,1
tied,21,145.0,6.0,295170.56446884596,1
armed,21,145.0,6.0,169969.4448540678,1
laboratory,21,145.0,21.0,131266.04211562107,1
spanish,21,145.0,4.0,182379.4416937757,1
aguilar,21,145.0,0.0,0.0,2
accordion,21,145.0,55.0,1768656.1142991753,1
memes,21,145.0,725.0,7727292.833349999,1
instead,20,138.0,2.0,74606.06804275373,1
attempt,20,138.0,8.0,305269.9728917098,1
paper,20,138.0,2.0,91030.6676261531,1
surprised,20,138.0,3.0,102226.72809752994,1
far,20,138.0,1.0,50426.10851783659,1
pain,20,138.0,1.0,43804.85535981984,1
sound,20,138.0,1.0,47805.09445465432,1
proof,20,138.0,4.0,159411.08914144948,1
truth,20,138.0,1.0,41487.39404090432,1
desire,20,138.0,4.0,179428.29870992157,1
eating,20,138.0,2.0,76744.93540389078,1
stop,20,138.0,0.0,0.0,1
insisted,20,138.0,0.0,0.0,2
mouth,20,138.0,1.0,35333.03898157763,1
ten,20,138.0,1.0,34010.5349769512,1
dry,20,138.0,3.0,144887.51591619547,1
walking,20,138.0,2.0,81544.03590769708,1
chapter,20,138.0,11.0,474271.62660018937,1
though,20,138.0,1.0,30711.9913455726,1
quite,20,138.0,1.0,34240.49837623032,1
habit,20,138.0,9.0,447244.9089338525,1
food,20,138.0,1.0,44568.98753735902,1
pretext,20,138.0,78.0,2854490.3281508186,1
allowed,20,138.0,2.0,88306.52217171254,1
helped,20,138.0,0.0,0.0,2
hes,20,138.0,0.0,0.0,1
hidden,20,138.0,5.0,223431.65576309786,1
calm,20,138.0,1.0,36534.17139362026,1
distant,20,138.0,9.0,322286.562641137,1
prolonged,20,138.0,111.0,4437043.191289449,1
naked,20,138.0,3.0,127445.92504848147,1
placed,20,138.0,10.0,491980.72812063,1
conservative,20,138.0,32.0,400568.7027328704,1
bothered,20,138.0,12.0,496979.00917532144,1
glow,20,138.0,23.0,960366.6447539313,1
machine,20,138.0,2.0,83123.62928351456,1
need,19,131.0,0.0,0.0,1
lay,19,131.0,3.0,147822.35099801025,1
hear,19,131.0,0.0,0.0,1
break,19,131.0,1.0,38663.20684271512,1
bought,19,131.0,1.0,36720.66462103493,1
trees,19,131.0,2.0,101854.51813512256,1
watch,19,131.0,0.0,0.0,1
clean,19,131.0,1.0,35600.73376748892,1
believed,19,131.0,3.0,91902.6394555387,1
interest,19,131.0,3.0,149253.95267198296,1
seven,19,131.0,1.0,41363.62311131288,1
noise,19,131.0,3.0,136620.28950053695,1
dance,19,131.0,1.0,50448.22201278715,1
crossed,19,131.0,7.0,311093.29858918436,1
imagination,19,131.0,7.0,372129.246379542,1
sold,19,131.0,2.0,95105.15174637888,1
impossible,19,131.0,2.0,86929.60469091815,1
image,19,131.0,4.0,159131.7517074989,1
promise,19,131.0,1.0,39632.92748962232,1
wall,19,131.0,2.0,77889.3506918929,1
wore,19,131.0,8.0,369484.4172357251,1
worn,19,131.0,11.0,528366.9479703283,1
rooms,19,131.0,5.0,198210.06018447533,1
spirit,19,131.0,2.0,73717.53736577785,1
playing,19,131.0,1.0,38397.91024124538,1
older,19,131.0,3.0,133824.9399665572,1
drive,19,131.0,1.0,43584.778089367566,1
childhood,19,131.0,5.0,208936.4796299953,1
ate,19,131.0,4.0,155837.07652102524,1
language,19,131.0,3.0,118158.31722690848,1
wandering,19,131.0,15.0,608024.602227964,1
stayed,19,131.0,0.0,0.0,2
trunks,19,131.0,56.0,1544656.9464643549,1
refuge,19,131.0,24.0,1109469.2512121564,1
bloody,19,131.0,2.0,61714.63865337752,1
shadows,19,131.0,6.0,169182.48314016935,1
pale,18,125.0,13.0,619643.343737558,1
nature,18,125.0,2.0,89164.57650744288,1
region,18,125.0,11.0,597008.4679069617,1
friend,18,125.0,0.0,0.0,1
apart,18,125.0,2.0,85542.59990272476,1
box,18,125.0,2.0,71736.98086915996,1
cant,18,125.0,15.0,477578.6439487033,1
contrary,18,125.0,12.0,507535.67183215567,1
indeed,18,125.0,3.0,109778.57040384413,1
becoming,18,125.0,5.0,243458.51281164418,1
wont,18,125.0,15.0,279505.1340841734,1
land,18,125.0,1.0,28993.9758850728,1
ring,18,125.0,1.0,42271.84110436806,1
pity,18,125.0,4.0,202099.45548373833,1
poor,18,125.0,1.0,43216.35979190518,1
else,18,125.0,0.0,0.0,1
empty,18,125.0,2.0,87257.57858016233,1
neck,18,125.0,3.0,151267.51823332923,1
play,18,125.0,0.0,0.0,1
high,18,125.0,1.0,37883.981963901,1
sleeping,18,125.0,2.0,103649.32691053298,1
terror,18,125.0,11.0,507796.093187547,1
unknown,18,125.0,6.0,270970.07797041745,1
shirt,18,125.0,2.0,85664.18570207739,1
slept,18,125.0,3.0,121680.3936959443,1
weep,18,125.0,22.0,925132.2335692187,1
cross,18,125.0,2.0,62859.26253666674,1
taught,18,125.0,3.0,135421.28541007743,1
writing,18,125.0,2.0,91360.7141857809,1
reading,18,125.0,2.0,77028.91513076257,1
breath,18,125.0,3.0,135903.3609683734,1
execution,18,125.0,17.0,496759.251491158,1
river,18,125.0,2.0,88201.39662026166,1
enormous,18,125.0,9.0,413623.6660600324,1
center,18,125.0,3.0,127714.37869404478,1
move,17,118.0,0.0,0.0,1
speaking,17,118.0,1.0,46902.403153736035,1
accepted,17,118.0,5.0,217269.19042746798,1
feel,17,118.0,0.0,0.0,1
our,17,118.0,0.0,0.0,1
sometimes,17,118.0,1.0,37306.8587647058,1
turn,17,118.0,0.0,0.0,1
authority,17,118.0,6.0,140918.3220641743,1
forgot,17,118.0,1.0,47513.46019272112,1
lighted,17,118.0,207.0,9465915.21488946,1
position,17,118.0,2.0,66747.99164680802,1
army,17,118.0,1.0,37311.79908544544,1
inhabitants,17,118.0,381.0,16306148.414407099,1
finger,17,118.0,3.0,137690.11524570308,1
special,17,118.0,1.0,34485.098425752294,1
lying,17,118.0,1.0,42363.386991651314,1
entered,17,118.0,0.0,0.0,2
worry,17,118.0,0.0,0.0,1
fourteen,17,118.0,20.0,936053.7173719691,1
latter,17,118.0,58.0,2560309.1365889036,1
remote,17,118.0,8.0,392593.14934300474,1
offered,17,118.0,0.0,0.0,2
dreamed,17,118.0,9.0,335408.581059958,1
followed,17,118.0,0.0,0.0,2
painted,17,118.0,9.0,339501.15431027237,1
soup,17,118.0,3.0,105707.41217854733,1
spread,17,118.0,3.0,113799.02429447716,1
bore,17,118.0,13.0,497653.2046915227,1
mothers,17,118.0,0.0,0.0,1
cloth,17,118.0,13.0,588077.4945086144,1
circle,17,118.0,5.0,142143.06623884055,1
usual,17,118.0,3.0,106904.6022421805,1
lose,17,118.0,1.0,51401.96549879883,1
tail,17,118.0,5.0,246058.41985403828,1
city,17,118.0,1.0,46243.97770123536,1
true,16,111.0,0.0,0.0,1
act,16,111.0,1.0,37090.45773398688,1
hat,16,111.0,3.0,118339.44741230625,1
drew,16,111.0,7.0,292784.40914308716,1
scarcely,16,111.0,96.0,3765908.4799636863,1
questions,16,111.0,1.0,44537.30847802398,1
string,16,111.0,9.0,385466.6242703283,1
everybody,16,111.0,0.0,0.0,1
us,16,111.0,0.0,0.0,1
laugh,16,111.0,1.0,43489.18246256763,1
late,16,111.0,0.0,0.0,1
watched,16,111.0,0.0,0.0,2
replied,16,111.0,0.0,0.0,2
exclaimed,16,111.0,0.0,0.0,2
tired,16,111.0,1.0,46585.53069243532,1
throw,16,111.0,1.0,43085.58531685317,1
eleven,16,111.0,8.0,368214.66793271556,1
wrote,16,111.0,2.0,96465.85773042536,1
real,16,111.0,0.0,0.0,1
common,16,111.0,2.0,86131.57590251091,1
boy,16,111.0,0.0,0.0,1
direction,16,111.0,4.0,158026.04546824974,1
midnight,16,111.0,4.0,166000.45033111607,1
blind,16,111.0,2.0,54540.531338170884,1
horse,16,111.0,1.0,35363.4494546158,1
plan,16,111.0,1.0,42820.87769413226,1
keys,16,111.0,1.0,51831.20809444023,1
sister,16,111.0,0.0,0.0,1
pot,16,111.0,4.0,203135.70421092073,1
situation,16,111.0,1.0,42087.8839172174,1
fine,16,111.0,0.0,0.0,1
watching,16,111.0,1.0,45266.22847535824,1
searching,16,111.0,5.0,235197.31564156938,1
begged,16,111.0,0.0,0.0,2
basket,16,111.0,12.0,576656.4147672339,1
recovered,16,111.0,10.0,463739.38586954924,1
sooner,16,111.0,4.0,118728.86252185411,1
locked,16,111.0,0.0,0.0,2
knocked,16,111.0,0.0,0.0,2
places,16,111.0,0.0,0.0,1
destroyed,16,111.0,3.0,140725.45569672176,1
endless,16,111.0,12.0,489227.14449077746,1
plague,16,111.0,15.0,679413.8035001662,1
saints,16,111.0,4.0,145509.66637283357,1
kill,15,104.0,0.0,0.0,1
either,15,104.0,1.0,39903.29563701773,1
difficult,15,104.0,1.0,42218.85709152115,1
awakened,15,104.0,48.0,2149470.081902687,1
hard,15,104.0,0.0,0.0,1
repeated,15,104.0,24.0,884352.0033248556,1
dare,15,104.0,1.0,33454.959456103425,1
caught,15,104.0,1.0,46596.53469007979,1
surprise,15,104.0,1.0,36653.340613425804,1
call,15,104.0,0.0,0.0,1
change,15,104.0,0.0,0.0,1
brothers,15,104.0,0.0,0.0,1
shoulders,15,104.0,5.0,176217.05533841738,1
suffered,15,104.0,0.0,0.0,2
possible,15,104.0,1.0,47299.02164476958,1
boxes,15,104.0,1.0,56849.06422582856,1
grave,15,104.0,4.0,137428.6138373561,1
doubt,15,104.0,2.0,89120.93866993056,1
youth,15,104.0,4.0,139210.80750163452,1
appear,15,104.0,4.0,165568.4529776416,1
affection,15,104.0,9.0,357651.25515731104,1
necessary,15,104.0,2.0,78579.98962537352,1
discover,15,104.0,6.0,308463.568302922,1
excitement,15,104.0,12.0,513102.42930894694,1
changes,15,104.0,0.0,0.0,1
stone,15,104.0,2.0,95064.9235942519,1
killed,15,104.0,0.0,0.0,2
carrying,15,104.0,4.0,153083.87364890001,1
accustomed,15,104.0,34.0,907377.3812132467,1
madness,15,104.0,7.0,344930.1413768687,1
arm,15,104.0,2.0,89094.31726456012,1
meant,15,104.0,1.0,38877.847461112404,1
hers,15,104.0,8.0,231694.87597597798,1
fortune,15,104.0,3.0,94892.62909821514,1
refused,15,104.0,6.0,217571.3152466828,1
marked,15,104.0,11.0,404753.4806386063,1
visited,15,104.0,0.0,0.0,2
shape,15,104.0,3.0,131734.02149081632,1
mud,15,104.0,8.0,379764.3779803221,1
crossing,15,104.0,9.0,444262.44475454564,1
invited,15,104.0,3.0,101976.6560711673,1
signs,15,104.0,1.0,36827.51403670644,1
mail,15,104.0,3.0,158390.4377570998,1
sweat,15,104.0,6.0,210616.41920365902,1
saint,15,104.0,4.0,129091.19691900356,1
peaceful,15,104.0,7.0,313366.7501858911,1
instruments,15,104.0,14.0,611919.0188456858,1
oldest,15,104.0,12.0,587299.4933340229,1
custom,15,104.0,15.0,582390.0326364504,1
burned,15,104.0,4.0,158382.77717190626,1
led,14,97.0,4.0,185512.14338263028,1
may,14,97.0,0.0,0.0,1
hunger,14,97.0,8.0,378574.5700915475,1
drawn,14,97.0,9.0,241303.72103619142,1
rejected,14,97.0,11.0,327978.2386774487,1
patience,14,97.0,6.0,274711.2436658128,1
exactly,14,97.0,0.0,0.0,1
sky,14,97.0,1.0,43910.0618633208,1
lasted,14,97.0,0.0,0.0,2
perhaps,14,97.0,1.0,36195.529230103166,1
story,14,97.0,0.0,0.0,1
upon,14,97.0,2.0,76320.233309507,1
terrible,14,97.0,1.0,43439.32943748122,1
worked,14,97.0,1.0,40806.486095895416,1
trouble,14,97.0,1.0,40140.97843227043,1
noon,14,97.0,6.0,296630.63475461036,1
steps,14,97.0,4.0,181860.65739787376,1
reach,14,97.0,1.0,38948.8771788675,1
weapons,14,97.0,2.0,52101.97199047943,1
present,14,97.0,1.0,36056.64443926778,1
carry,14,97.0,1.0,40783.001924552125,1
talking,14,97.0,0.0,0.0,1
towns,14,97.0,1.0,37843.27007017755,1
twice,14,97.0,2.0,70218.07506508673,1
false,14,97.0,4.0,191765.37898927715,1
send,14,97.0,1.0,30740.83827601466,1
road,14,97.0,1.0,37510.42031515749,1
friendship,14,97.0,4.0,197618.10194368375,1
moved,14,97.0,1.0,47681.183046677535,1
ears,14,97.0,3.0,130236.53366072648,1
occurred,14,97.0,8.0,335068.0319858955,1
early,14,97.0,1.0,38810.417562616036,1
misery,14,97.0,9.0,248058.23015073795,1
civil,14,97.0,6.0,227367.7821921765,1
